set	owner	package	ref	commit	kind
heavy	bioc	ADImpute	RELEASE_3_23	b9fcc5fba222fd9a729b87b157d5cffa76b46816	git
heavy	bioc	aracne.networks	RELEASE_3_23	904bbde899ec4e3774acf4f608c61f16b1905d50	git
heavy	bioc	AssessORFData	RELEASE_3_23	ae71bf43868961b25b11a125267f6d608a67a1ac	git
heavy	bioc	atacInferCnv	RELEASE_3_23	e1f67737db098e895ab696ee0bf5825c829cd081	git
heavy	bioc	blimaTestingData	RELEASE_3_23	b0bc8ffcae9cac701f5ce108085ba58f90083f50	git
heavy	bioc	brgedata	RELEASE_3_23	3e3992fdcf401d45a7638434247c182bd77389d1	git
heavy	bioc	CardinalWorkflows	RELEASE_3_23	83f5227d6024a75266e52e3b2dbca75099d15081	git
heavy	bioc	curatedCRCData	RELEASE_3_23	5ecb78a8a656c717c895159e4b54ec5d5cd5286c	git
heavy	bioc	curatedOvarianData	RELEASE_3_23	9e6c447123a3312ba168aa29cbd7a5d05c058e11	git
heavy	bioc	EasyCellType	RELEASE_3_23	55165ccd6bfcd02167f3c38c81491848222cc0ee	git
heavy	bioc	glmSparseNet	RELEASE_3_23	fd19827b4519ab16dd02295a774602b0a44a9912	git
heavy	bioc	HarmanData	RELEASE_3_23	3671f37ef590995e71f445f0cf445e959ab1b916	git
heavy	bioc	HMP16SData	RELEASE_3_23	815437aefcc6b25aa12bd9a6cb8721e1c67df3fc	git
heavy	bioc	HMP2Data	RELEASE_3_23	9f47698f5ac52e9c91fa7761538ad3e3cb4d2549	git
heavy	bioc	KEGGdzPathwaysGEO	RELEASE_3_23	f903914a50f5da7f18da1a41ceddbf0bdfcc3712	git
heavy	bioc	mina	RELEASE_3_23	757644d8a189eccb8ce76e9f6411a2488f3e3bda	git
heavy	bioc	minionSummaryData	RELEASE_3_23	8ad3cb01ff89f68745fba105ea1f5a31e44d8551	git
heavy	bioc	miRNATarget	RELEASE_3_23	a953a8d0e639f2bf7b404351f5dc95ded836f318	git
heavy	bioc	MOFAdata	RELEASE_3_23	6f2fbe4a2318347e18246cc923d931d573fe3dda	git
heavy	bioc	MUGAExampleData	RELEASE_3_23	2a789276d1bb604d4d4aac475a084bd8cf0f0479	git
heavy	bioc	mzR	RELEASE_3_23	7b9079d81400864455a68fb31842c73260451034	git
heavy	bioc	netSmooth	RELEASE_3_23	fc7b53894610bda59abd0d58074187311362e557	git
heavy	bioc	NuPoP	RELEASE_3_23	ea16c07acb04798161c03c2660c9d28d067739ec	git
heavy	bioc	PCHiCdata	RELEASE_3_23	9ee4e7f39e3805d89c24d9e7192854370df5b06d	git
heavy	bioc	pRolocdata	RELEASE_3_23	2ae05319215a5f54b29cf5ae0ddf4ba4f0635c9d	git
heavy	bioc	pumadata	RELEASE_3_23	5237e700729a0308cb36eb2738597bc51534e4a3	git
heavy	bioc	rcellminerData	RELEASE_3_23	34f372d90665655cb72ad26a6e096726ed95306f	git
heavy	bioc	ReactomeGSA.data	RELEASE_3_23	d2acb2b2bf435cae62c3a154dac447088f0754ab	git
heavy	bioc	RnBeads.mm10	RELEASE_3_23	67bf66cb283f945f77c248691737e9ae7a7ea310	git
heavy	bioc	RnBeads.mm9	RELEASE_3_23	7a0ceb02d774b8cc24cef6ffb3b37a7fea4b2ccf	git
heavy	bioc	RnBeads.rn5	RELEASE_3_23	39d5f2bba636ab051d5e70a097483d31890cc644	git
heavy	bioc	RRBSdata	RELEASE_3_23	a9be0e25a5a51ed91c2ed84507888aa417db9b7e	git
heavy	bioc	RTCGA.methylation	RELEASE_3_23	dafcf0612572f7736989cebd165b908baa6a5d4f	git
heavy	bioc	RTCGA.miRNASeq	RELEASE_3_23	f51347ac5d4afedad1630b4f8c4078d789afa633	git
heavy	bioc	RTCGA.mutations	RELEASE_3_23	d096de7911210160e3594a94d03a94f981adae40	git
heavy	bioc	RTCGA.PANCAN12	RELEASE_3_23	f6e9cae5ba405daaa3f87956dc687f9a645e8c94	git
heavy	bioc	RTCGA.rnaseq	RELEASE_3_23	b660b0a632b6ac0136a2dbd6d9840604d1cdf224	git
heavy	bioc	SBGNview.data	RELEASE_3_23	b1663a69ae087b9b61c3f2c8acf464d799eb7f5a	git
heavy	bioc	scCB2	RELEASE_3_23	40bcb0ecddf3cd46b1364c878ff101c7efa85dd4	git
heavy	bioc	seqc	RELEASE_3_23	8477d5394a33ad51a9224965bb4ee824563640fe	git
heavy	bioc	SPIA	RELEASE_3_23	07118ad4190a5f6e61ba2d167cff3ca3ece37f74	git
heavy	bioc	tweeDEseqCountData	RELEASE_3_23	3f0a49f0b13580434ed82d9c2c06631d806d6a77	git
heavy	bioc	tximportData	RELEASE_3_23	de298a84124a1870e0fd902e04c622ba850fd191	git
heavy	bioc	WGSmapp	RELEASE_3_23	cfa0b3ad3080c79f121326f1b3aa1fdd311bdcef	git
heavy	cran	acss.data	1.2	7f32e9a447e7297b717114287775688ebd014148	release
heavy	cran	ChemometricsWithRData	0.1.3	64adb3e8001f376c33bc771281b32ce67742165b	release
heavy	cran	choroplethrAdmin1	1.1.1	38395f4ecdd96e9ff72901e8d458791a3277cd8d	release
heavy	cran	emudata	1.0	be48c8c97db1b9384626b5c8d3f4bd8b18027955	release
heavy	cran	EnsCat	1.1	066a15c7536f8ae5ce11f0584698450cd29b1f92	release
heavy	cran	fastrmodels	2.1.0	0be0f08a4dbafa7979a6f91ad9ae3bac9d7b33c2	release
heavy	cran	gamlr	1.13-9	4f1df890e300b2c524646d616826c528a94a6eca	release
heavy	cran	goldi	1.0.1	d201f3f243a958a833935a0b9d3e940aab484d08	release
heavy	cran	integrativeMEdata	1.0	4857784dce1502b6468516f051972740f4216654	release
heavy	cran	kgc	1.0.0.2	9f3821df9921a0b957529c07a9521a3c55da4a30	release
heavy	cran	ludic	0.2.1	de2384e125802c161e55ba4aae5a1332144f7cce	release
heavy	cran	macs	1.0	942277d8e42fedbd963f16f931c12ab69102c809	release
heavy	cran	mapindiatools	1.0.1	b44084abb252277e8331e0f137d0d0cece5c3b4c	release
heavy	cran	MDR	1.2	91466dd6c224a923853fdff96ab8c5fcdb6fbc90	release
heavy	cran	MMST	0.6-1.1	0f9c964ed06354617f149a362722b7a6fb54d7f1	release
heavy	cran	msDilution	1.0.2	d889676c1f94662442782a7ba2d10e3b779b3677	release
heavy	cran	msProstate	1.0.3	411d3f81cb62bc8bba5558fe0471e8b873ddbf8f	release
heavy	cran	Ravages	1.2.0	23f7cac283181b1e5bda57e67a1dd12af70b2693	release
heavy	cran	representr	0.1.6	b1ec306283dc90c3a0242e66f259f22778a7f47d	release
heavy	cran	RVFam	1.1	e2014972aa392685560bdc5fc9cd7cd03edf9172	release
heavy	cran	sleeper	0.5.0	7bba737d23554380d9eab6456d99e48de6050676	release
heavy	cran	SNPMaP.cdm	1.1.1	cc2a01a40b6083b2a5cc727ba775cd3c71ca7f66	release
releases	bioc	HMP16SData	RELEASE_3_7	5dea53643d2275560b7ff577c2f044eb5e35441e	git
releases	bioc	HMP16SData	RELEASE_3_8	d5ff5c51f42c477b4c4d8dc282702e46d382d72d	git
releases	bioc	HMP16SData	RELEASE_3_9	dacb5aeb4fbd0fdb647d71a78719cc665814292f	git
releases	bioc	HMP16SData	RELEASE_3_10	a1a8c282fedbde5e91a522c65f5f31f91fdf5b83	git
releases	bioc	HMP16SData	RELEASE_3_11	642447e5573ffb5649f4930411611074cb4ec834	git
releases	bioc	HMP16SData	RELEASE_3_12	c37993ead7079abb493397305c3f11d44b1ef9e9	git
releases	bioc	HMP16SData	RELEASE_3_13	a7b4f2ae3d8edfb590b673e87e9b4487ab6b7ba2	git
releases	bioc	HMP16SData	RELEASE_3_14	557973d222ee1199eeeec88a3621a1caba931a81	git
releases	bioc	HMP16SData	RELEASE_3_15	6aa48588ee426a414e5c865bdc83280f1963602c	git
releases	bioc	HMP16SData	RELEASE_3_16	87da52f3c86278470141c0506f8967084b3a211b	git
releases	bioc	HMP16SData	RELEASE_3_17	386457e7f205e3b033b9a951ecfb647fdcd0b4d1	git
releases	bioc	HMP16SData	RELEASE_3_18	1437bc5d9d4d41e1e14af5b7a30f78b5b4b04c01	git
releases	bioc	HMP16SData	RELEASE_3_19	09ae74a2372370fef83a9b857b41f26a7aa9bfc3	git
releases	bioc	HMP16SData	RELEASE_3_20	9e1a30ddfbf02a25aacea78ed223278468e14be5	git
releases	bioc	HMP16SData	RELEASE_3_21	a58e99bb5263e78dc9a3c0bb437fbfe548b542ad	git
releases	bioc	HMP16SData	RELEASE_3_22	473d35fa1e5cfed6fb1ae90d4f83eda6dec76294	git
releases	bioc	RnBeads.rn5	RELEASE_3_1	dbb5b576f0faa20cfdc43b9509f4dbb3dc66e8f4	git
releases	bioc	RnBeads.rn5	RELEASE_3_2	2951ce98d71e9d31bc3f8eb968d2756eb09f0653	git
releases	bioc	RnBeads.rn5	RELEASE_3_3	fe39b23069ee09ee7d10871cbb4194ef75f91cb3	git
releases	bioc	RnBeads.rn5	RELEASE_3_4	d38924988df87df8566887d448816efaef51cb9b	git
releases	bioc	RnBeads.rn5	RELEASE_3_5	7deb833784e6daa3e7204ab1dd9795aed9ed1ed1	git
releases	bioc	RnBeads.rn5	RELEASE_3_6	c8c86959b121a4bda0248784dba96310b4cdc0c4	git
releases	bioc	RnBeads.rn5	RELEASE_3_7	8bff5d8250a1bf245d0bca124ca692cbf071f8ba	git
releases	bioc	RnBeads.rn5	RELEASE_3_8	3f8d9aa10922c2dfddc51832961f167304cfaebc	git
releases	bioc	RnBeads.rn5	RELEASE_3_9	2cc1f6e9e91f576af43155c35c8c816a09531308	git
releases	bioc	RnBeads.rn5	RELEASE_3_10	8476a1ec4586471317afe5244be3e0cc3b308737	git
releases	bioc	RnBeads.rn5	RELEASE_3_11	90bf6057f1db8b040be36c2359b9126546bfc1ef	git
releases	bioc	RnBeads.rn5	RELEASE_3_12	d1dc5ff5b8df11a328e82332a4f0a11f67a40925	git
releases	bioc	RnBeads.rn5	RELEASE_3_13	6266f18211a18b14202acb1fd92728b530d30d47	git
releases	bioc	RnBeads.rn5	RELEASE_3_14	be7bcc97ead8f7d25b2783131af5447a017abacf	git
releases	bioc	RnBeads.rn5	RELEASE_3_15	32dab8816286feccfd2ece5d6bf2c27c87332a81	git
releases	bioc	RnBeads.rn5	RELEASE_3_16	b1819529cec97ed65c9a2629a7ff80405cd7f119	git
releases	bioc	RnBeads.rn5	RELEASE_3_17	c13322f9682f994ff9775ae55fe04f8a37b396da	git
releases	bioc	RnBeads.rn5	RELEASE_3_18	a7291fe77e510fe82111c556df539aceec51e2f2	git
releases	bioc	RnBeads.rn5	RELEASE_3_19	966476d9651584ca401fba0c53f3994da4ac65e9	git
releases	bioc	RnBeads.rn5	RELEASE_3_20	73c69c356991be8b7737de81a4fdb4e09b8b4961	git
releases	bioc	RnBeads.rn5	RELEASE_3_21	2533d7f953bd771a360b8857fb659fdeec270007	git
releases	bioc	RnBeads.rn5	RELEASE_3_22	9ab3ab18956ee19da79297b7cbb54313d17cbe3a	git
compiled	cran	sylcount	0.2-6	29940e9c7bc7ea531d7ecdc822b942050631b7cc	release
compiled	cran	rlibkriging	1.2-3	7f43d1e7dc9bd56f54d8a3b50cb6b1bc898bf90c	release
compiled	cran	igraph	2.3.3	356804c00230cf062f6baaa4c96963586cdf689f	release
